SMILES,Target
CC1(OC(C(O1)C(=O)N)C(=O)N)C(C)(C)C,1.6
CCOC1=CC(=CC(=C1OCC)OCC)C2=NN=C(O2)C3=CC=CO3,3.96
CN(C)C1=CC=C(C=C1)C(=C)C2=CC=C(C=C2)N(C)C,5.3
CC1=CC=C(O1)C(C#CC(C2=CC=CC=C2)(C3=CC=CC=C3)O)O,3.53
CC(C)(C)C1=CC(=NN1)CC2=CC=CC=C2,4.35
CC1CC(CC(C1)(C)C)NC(=S)NCC2=CSC=3C2=CC=CC3,6.21
CCNC1=NC(=NC(=N1)OC2=CC=C(N=N2)OCC)NC(C)C,3.14
C1=CC=C2C(=C1)OCCOCCOCCO2,1.81
C1=CC=C2C(=C1)C3=C(C(=O)O2)C(C(=C(O3)N)C#N)C4=CC=CS4,2.34
CCOC(=O)CC1=NN2C(=NN=C2SC1)C3=CC=CS3,2.98
C1=CC=C2C(=C1)CCC(O2)C(=O)NC3=CC=C(C=C3)C(F)(F)F,4.5
CC(C)(C)C(=O)CSC1=NC(=CC(=N1)OC(=O)N(C)C)COC,3.33
CC1=CC(=CC=C1[N+](=O)[O-])C(=O)NCCC2=C(NC=3C2=CC=CC3)C,4.12
C1=CC(=C(C(=C1)Cl)C2CC(=O)NC3=C2C=C4C(=C3)OCCO4)F,3.96
CSC1=C(C(=CS1)C2=CC=CS2)C#N,3.69
C1=CC=C(C(=C1)C(F)(F)F)NC(=O)NC2CCCCC2,4
CCN1C2=C(N=C1NCC(C3=CC=CC=C3)O)N(C(=O)N(C2=O)C)C,3.24
CC1=C(N=C2C(=N1)C(=NN=C2N)N)C,1.14
C1=CC=C(C=C1)N(C2=CC=CC=C2)C3=NC(=NC(=N3)N4CCCC4)C#N,5.38
C1=CC2=C(C=C1C3=CSC(=N3)CC#N)OCCCO2,2.68
CC1(OC(C(O1)C(=O)N(C)C)C(=O)N(C)C)C,1.49
COC(=O)C1C(OC(O1)C2=CC=CC=C2)C(=O)OC,2.49
CCN(CC)C1=CC=C(C(=C1)OC)C=C2C(=O)C3=CC=CC=C3C2=O,5.05
CC(C)(C)S(=O)(=O)C(=CNC1=CC=C(C=C1)OC(F)(F)F)C#N,4.28
CCCC1C(=O)CC(C(C1(C#N)C#N)(C#N)C#N)C(C)C,3.3
CC1=C(C=CC=C1OCC2=CC=CC=C2)[N+](=O)[O-],4.41
CC12CCCC(C1)(CCC2)C(=O)N,2.73
CC1=C(C(=C(C(=C1C)C)CSC2=NN=C(N2C)CC#N)C)C,4.14
CCOC1=NC(=NC(=N1)N2CCOCC2)C#N,2.46
CC1=CC(=C(C(=C1)C)C2C3CCCC=C3C(=C(C2(C#N)C#N)N)C#N)C,5.48
C1COC2(O1)C3C4CC5C3C(=O)C6C5C4C26,0.51
C1=CC(=CC=C1C(=O)C2CC2)F,2.61
CC1(OCC(O1)CN2C=NC=N2)C3=CC=C(C=C3Cl)Cl,3.68
NC1=NC2=C(C=C3SC(N)=NC3=N2)S1,1.56
CC1(CCC(C1(C)C)C(=O)N2CCOCC2)C(=O)N3CCOCC3,2.46
CC1=NC(=CS1)C2=CC=C(C=C2)Cl,3.65
CN(C)C=CC(=O)C1=CC=C(C=C1)C#CC2=CC=CC=C2,4.69
CCCN1C(=O)C(=CN(C1=O)C2=CC=CC=C2C)Br,2.82
CC=1C=C2C(=CC1OCC(=O)OC)OC=C(C2=O)C3=CSC(=N3)C,3.9
CC1=CC=C2C(=NC(=NC2=C1)NC=3NC(=O)C4=C(N3)CCCC4)C,3.92
CCCCOC1=CC=C(C=C1)C=CC(=O)NC(C)C,4.45
CCN(CC)S(=O)(=O)N1CCCC(C1)C(=O)NC2CCCCC2,3.58
CC(=CCCC1=NN(C(C1)(C)CCC=C(C)C)C=O)C,5.02
O=S(NC(C)C1=CC=CC=C1)(C)=O,1.8
CCC1(NC(=S)N2N1C(=S)NC2(C)CC)C,2.44
CCCC1=C2C(=NN1)OC(=C(C2C=3C=CSC3C)C#N)N,3.83
CC(C)(C)C(=O)NC1=CC=C(C=C1)NC(=O)C(C)(C)C,2.79
COC(=O)NC(C(=O)C1=CC=CC=C1)O,1.41
COC1=CC=C(C=C1OC)C2=NN=C(S2)N,2.34
C1=CC2=C(C=C1C3=CSC(=N3)CC#N)OCCO2,2.92
C1=CC=C2C(=C1)N=C(S2)SCC(=O)C3=CC=CS3,4.04
CC(C)C1C2CCCC=C2C3CCCCC3O1,5.87
C1=CC=C(C=C1)NC2=CC=CC=C2N,2.67
CC(=O)C1=CC=2C=CC=CC2O1,2.15
O=C1N(C2=C(S(C(F)(F)F)=O)C=CC=C2)C(C3=CC=CC=C13)=O,3.3
CC1(OC(=O)C(=CC2=CC=C(S2)[N+](=O)[O-])C(=O)O1)C,3.04
CCN(CC)C(=O)C12CCC(C1(C)C)(C(=O)O2)C,2.66
O=C(C)N=C1SC2=C(N1N(C(C)=O)C(C)=O)N=C3C=CC=CC3=N2,1.1
C1=CC=C2C(=C1)N=C3N2C=C(NN3)NN=CC4=CC=C(C=C4)Cl,4.81
CC1=C(C(=O)OC=2C1=CC=C(C2C)OC)C,3.45
CN1C2=CC=CC=C2N3C1=C(C=4C3=NC(=C(N4)C#N)C#N)C#N,3.61
CC(C)OC(=O)C1=CC=C2C(=C1)C3=C(N2)CCCC3,4.97
COC1=CC=C(C=C1)C2CCCCC2O,2.85
CC1=CC=CC(=C1C)NC(=O)NC(C)C,2.7
C1CCC2(C(C1)CCC(=O)O2)O,1.16
CC1=CC(=O)OC=2C1=CC=C(C2)OC(C)C,3.33
CC1=CC(=CC=C1OC(C)C(=O)NC2CCCCCC2)Cl,5.45
C1=CN=C(N=C1)SCC2=CC=C(C(=C2)Cl)Cl,4.33
CC1(CC(OP1(=O)C)(C)C)O,0.71
CC(C)(C)NC(=S)NC1=CC=C(C=C1)F,2.71
CC1CC(C)=CC(C)C1(CO)CO,2.93
CC1(CC2=C(C(=O)C1)C3(CCC4(CC3)OCCO4)C(=C(O2)N)C#N)C,3.24
CCN1C(=O)C=2C(=C(SC2N=C1SCC3=CC=CC=C3F)C)C,5.86
CC=1C=C(N(N1)CCOC(=O)C2C(C2(C)C)C=C(Cl)Cl)C,4.76
C=1C=C(SC1)C2=NN=C3C2C(C(=C(O3)N)C#N)C4CCCCC4,4.64
CC1CN(C2=C(C=C(C#N)C#N)C(N3C=CC=CC3=N2)=O)CC(C)O1,3.24
CCN1C(=NN=C1SCC(=O)NC(C)(C)C)C2CCCCC2,3.2
COC1=CC=C(C=C1)CNC(=O)C2CCCC2,2.6
CC(C)(C)C1=CC=CC=C1NC(=O)C2=CC(=C(C(=C2)OC)OC)OC,3.61
C1=CC=C(C=C1)CS(=O)(=O)CC(=O)NC2=CC=C3C(=C2)OCCO3,3.19
CCCC(=O)N1CC2(CC(C1)(CN(C2)C(=O)CCC)C)C,2.69
COC1=CC(=CC(=C1)C(=O)C2=CC=C(C=C2)F)C(=O)C3=CC=C(C=C3)F,4.89
CC1=CC=NC(=C1)N(C(=O)C2=CC3=C(S2)CCCC3)C(=O)C4=CC5=C(S4)CCCC5,5.76
CCC1=CC(=O)OC=2C1=CC=C(C2C)OCC(=O)OC(C)(C)C,4.52
CCN1C=2C=CC(=C3C2C(=CC=C3)C1=O)S(=O)(=O)N(C4=CC=C(C=C4)OC)C(=O)C5=CC=CN=C5,4.74
CCC1=CC=C(C=C1)N2C(=NN=N2)SCC(=O)NC3=CC=C(C=C3)C(=O)C,4.69
CC(C)(C)OC(=O)N1CCCC1C(=O)OC2=CC=C3C(=C2)OC=C(C3=O)C4=CC=C(C=C4)F,5.77
CC1=CC2=C(C=C1C)NC3=C(C(N2)C4=CC5=C(C=C4Cl)OCO5)C(=O)CC(C3)(C)C,4.38
CCOC(=O)C1=NNC2(C1C(=O)N(C2=O)C3=CC=CC(=C3)C(F)(F)F)C4=CC=CC(=C4)[N+](=O)[O-],4.73
CCOC(=O)C=1C(=C(SC1N2C(=O)C3CC(=C(CC3C2=O)C)C)C)C,4.56
CCN1C2=CC=C(C=C2C(=C3C(=O)N(C(=S)S3)CC4=CC=C(C=C4)OC)C1=O)Br,6.96
CCOC1=CC(=CC(=C1OCC)OCC)C(=O)OC2=CC=C3C(=CC(=O)OC3=C2)C,6.15
CCOC(=O)N1CCN(CC1)C=2C3=CC(=CC(=C3N=C(N2)C(F)(F)F)C)C,5.92
CC1=C(C=NN1C)CN(C)C(=O)C=2C=NN3C2NC(CC3C(F)(F)F)C4=CC=C(C(=C4)OC)OC,4.25
CC1=CC=C(C(=C1)C)S(=O)(=O)N2CCCN(CC2)S(=O)(=O)C3=CC=C(C=C3C)C,5.01
COC1=CC=CC(=C1)C2=CC=C3C(=C(SC3=N2)C(=O)NC4=CC=C(C(=C4)F)F)N,5.86
CCN(CC)C(=O)C1=C(C(=C(S1)NC(=O)C2CC3CCC2C3)C(=O)OCC)C,5.05
C=1C=C(SC1)C2CC(N3C(=C(C(=N3)C(=O)NCC4=CC=C(C=C4)F)Br)N2)C(F)(F)F,5.54
CCOC(=O)C=1C(=CSC1N=CC=2C(=NN(C2O)C3=CC=CC=C3)C)CC(C)C,5.16
C1=CC=C(C=C1)C=CC(=O)NC2=CC=CC(=C2)NC(=O)C3=CC=CC(=C3)Cl,5.53
C1=CC=C(C=C1)C2CC(N3C(=CC(=N3)C(=O)NC4=CC=CC(=C4)Cl)N2)C(F)(F)F,5.92
CC1=CC=C(C=C1)N(CCOC(=O)C2=CC=C(C=C2)S(=O)(=O)N3CCCCC3)C4=NS(=O)(=O)C5=C4C=CC=C5,5.58
CCOC(=O)CN1C(=O)C(C(C1=O)OC(=O)C2=CC=CC=C2)OC(=O)C3=CC=CC=C3,5
C1=CC=C(C=C1)C2CC3=C(C(C(=C(O3)N)C#N)C4=CC=CC=C4F)C(=O)C2,3.07
CC1=CC=C(C=C1)NCC2=CC=C3N2CCC3=C4CN5C(=CC=C5C4=O)CNC6=CC=C(C=C6)C,6.51
COC(=O)C1=CC=CC(=C1)NC(=O)C2=CC(=CC(=C2)N3C(=O)C4=CC=CC=C4C3=O)C(=O)NC5=CC=CC(=C5)C(=O)OC,6.09
COC1=CC=C(C=C1)OCC(=O)N2CCN(CC2)C(=O)C3=CC=CO3,2.76
CC(=O)OC1=CC(=CC(=C1OC(=O)C)OC(=O)C)C(=O)NC2=CC=C(C=C2)OC3=CC=CC=C3,2.89
COC1=CC=C(C=C1)OC=2C(=O)C3=CC=C(C=C3OC2C(F)(F)F)OC(=O)N4CCOCC4,4.63
C1=CC=C(C=C1)CN2C=3C=CC=CC3C4=C2N=C(N=N4)SCC(=O)OCN5C(=O)C6=CC=CC=C6C5=O,4.51
C1=CC=C(C=C1)C2=NN(C(=S)N2C3=CC=CC=C3)C4CC(=O)C5OCC4O5,3.65
CC1=CC=CC(=C1NC(=O)C2(CCCCC2)N(CC3=CC=CO3)C(=O)C4=CC=C(C=C4)NC(=O)C)C,4.62
COC1=CC=CC=C1N(CCOC(=O)C2CC(=O)N(C2)C3=CC=CC=C3)C4=NS(=O)(=O)C5=C4C=CC=C5,2.5
C1=CC=C(C=C1)C2=NN=C(N2C3=CC=CC=C3)SCC(=O)N4CCN(CC4)C(=O)C5=CC=CC=C5,4.64
C1=CC=C(C=C1)CN2C(=O)CC(SC2=NC3=CC=C(C=C3)F)C(=O)NC4=CC=CC=C4,6
CCCS(=O)(=O)C1=C2C=NC=CN2C(=C1S(=O)(=O)CCC)C(=O)C3=CC=C(C=C3)C,3.93
C1=CC=C(C(=C1)COC2=CC=C(C=C2)C3C4=C(CCCC4=O)OC5=C3C(=O)CCC5)F,4.92
CCOC1=CC=C(C(=C1)OCC)C2=NN=C3C2C(C(=C(O3)N)C#N)C4=CC=CO4,4.48
CC1(CC2=C(C(C(=C(N2C3=C(C=CC=C3F)F)N)C#N)C4=CC=CC(=C4)Cl)C(=O)C1)C,5.04
COC1=CC(=CC(=C1OC)OC)C=2C=C(N3C(N2)=C(C=N3)C(=O)OC)C(F)(F)F,4.08
CC1=CC(C(=C(N1C2=CC=C(C=C2)C(=O)N)N)C#N)(C(F)(F)F)C(F)(F)F,4.41
COC(=O)C=1C2=C(SC1NC(C(F)(F)F)(C(F)(F)F)NC(=O)C3=CC=CN=C3)CCCCC2,5.75
CC1(CC2=C(C(C(=C(O2)N)C#N)C=3C4=CC=CC=C4C=C5C3C=CC=C5)C(=O)C1)C,4.99
COC1=CC=CC=C1NC2=NC(=NC(=N2)OCC(F)(F)F)OCC(F)(F)F,5.27
CCC(C1=CC=CC=C1)C(=O)N2CCCN(CC2)C(=O)C(CC)C3=CC=CC=C3,4.93
CCC(=O)N1C(CC(=N1)C2=CC=C(C=C2)C3=NN(C(C3)C4=CC=CC(=C4OC)OC)C(=O)CC)C5=CC=CC(=C5OC)OC,6.65
CC1=CC(=NC(=N1)SC2CC(=O)N(C2=O)C3=CC=C(C(=C3)OC)OC)C,2.95
CC1=CC=C(C=C1)S(=O)(=O)N(CCO)CC2=CC=CC=C2,3.69
CC1=CC=C(C=C1C)N2C(=O)C3=CC4=C(C=C3C2=O)C(=O)N(C4=O)C5=CC=C(C(=C5)C)C,4.83
CC1=CC=C(C=C1)C=2C=C(N3C(N2)=C(C=N3)C(=O)N4CCSCC4)C(F)F,4.55
C1=CC=C2C(=C1)C(=O)N(C2=O)C3=CC=CC=C3C(F)(F)F,3.55
CC(=O)NC(C(Cl)(Cl)Cl)NC1=C(C2=C(S1)CCCC2)C(=O)OC,5.04
CCCS(=O)(=O)C1=C2C3=CC=CC=C3C=CN2C(=C1S(=O)(=O)CCC)C(=O)C4=CC=CC=C4,4.48
C1=CC=C2C(=C1)C(C3=CC=CC=C3O2)C(=O)NC4CCCC4,3.95
CC=1C(=C(N(N1)CC(=O)NC2=C(C3=C(S2)CC(CC3)C(C)(C)C)C(=O)OC)C)[N+](=O)[O-],6.53
CCC1=CC=C(C=C1)OCC(=O)NCCC2=CC=C(C(=C2)OC)OC,4.22
COC1=CC=C(C=C1)C2CC3=C(C(C=4C5=CC=CC=C5C=CC4N3)C6=CC=C7C(=C6)OCO7)C(=O)C2,5.77
C1=CC2=C(C=C1C=CC(=O)NC3=CC=C4C(=C3)OCO4)OCO2,3.72
CC(=O)OC1=CC=CC(=C1)N2C(=O)C3=CC=C(C=C3C2=O)C(=O)C4=CC=C5C(=C4)C(=O)N(C5=O)C6=CC=CC(=C6)OC(=O)C,5.13
CC1=CC=C(C=C1Cl)NC(=O)CSC2=NN=C(O2)CC3=CC=CC=C3,4.85
CCOC1=CC=C(C=C1)NC=C(S(=O)(=O)C2=CC=C(C=C2)C)S(=O)(=O)C3=CC=C(C=C3)C,5.64
C1=CC=C(C=C1)C=2C=C(N(N2)C3=CC=C(C=C3)C=NN4C=NN=C4)C5=CC=CC=C5,5.58
N1C(=O)C(CC(=O)NC2=C(C=CC=C2)NC(=O)CC3C(=O)NC4=CC=CC=C4N3)NC5=C1C=CC=C5,3.42
CC1=C(SC2=C1C(=O)N(C(=N2)SCC(=O)N3CCCC3)C4CCCCC4)C,5.16
COC1=CC=CC(=C1)CN2C=C(C=N2)N,1.55
CC1=C(C(=O)N(N1C)C2=CC=CC=C2)NC(=O)C3CCCCN3S(=O)(=O)C4=CC=C(C=C4)Cl,3.89
CS(=O)(=O)C1=CC=C(C(=C1)[N+](=O)[O-])SCC(=O)OC2=CC=C(C=C2)C3CCCCC3,6.08
CC1=CC=CC=C1C(=O)N2CCN(CC2)C3=CC=C(C=C3)NC(=O)C4=C(C=CC=C4OC)OC,4.16
CC1=CC=CC(=C1)C(=O)NC2=CC=C(C(=C2)C)NC(=O)C3=CC=CC=C3,4.14
CCC(=NN=C1N(C(=O)C(S1)C)CC2=CC=CO2)C3=CC=CC=C3,5.07
CN1C(=C(C=N1)Cl)C2=NC(=NO2)C=3C(=NON3)N,2.77
C1C2C=CC1C3C2C4COC(C3=O)O4,1.48
CC1=C(C2=CC=CC=C2N1CC=C)C=C3C(=O)OC4(CCCCC4)OC3=O,4.62
CC1(CC2=C(C(C3=C(N2C4=CC=C(C=C4)OC)CC(CC3=O)(C)C)C5=CC=C6C(=C5)OCO6)C(=O)C1)C,5.72
CCN1C=C(C(=N1)C)C2C3=C(CC(CC3=O)(C)C)N(C4=C2C(=O)CC(C4)(C)C)C5=CC=C(C=C5)C,5.35
C1=CC=C(C=C1)OC2=CC=C(C=C2)NC(=S)N3CCN(CC3)C(=O)C4CCCO4,4.18
COC(=O)CC1=C(C2(C3=CC=CC=C3NC2=O)C(=C(O1)N)C(=O)OCC4=CC=CC=C4)C(=O)OC,4.25
CC1C=CCC2C1C(=O)N(C2=O)C3=CC=CC(=C3)C(=O)OCC(=O)C4=CC=C(C=C4)Br,5.29
COC1=CC=C(C=C1COCC(F)(F)F)C2C3CCCC=C3C(=C(C2(C#N)C#N)N)C#N,5.5
CCN(CC)C(=O)C1=C(C(=C(S1)NC(=O)C2=CC(=CC(=C2)OC)OC)C(=O)OC)C,5.47
C=1C=C(SC1)C2CC(N3C(=C(C(=N3)C(=O)N4CCCC4)Br)N2)C(F)(F)F,4.47
N1(C2=CC=CC=C2)C(=O)C(SC3=C(C(=C(C(=N3)N)C#N)C4=CC=C(C=C4)C)C#N)C(=N1)C,4.99
CCC1=C(C(=O)N2C(=C(SC2=N1)C#N)N)C#N,2.09
CSC1=CC=C(C=C1)C2C3C(C(=O)N(C3=O)C4=CC=CC(=C4)C(F)(F)F)ON2C5=CC=CC=C5,5.98
C#CC1=CC=CC(=C1)NC(=O)C2=CC(=CC(=C2)N3C(=O)C4=CC=CC=C4C3=O)C(=O)NC5=CC=CC(=C5)C#C,6.85
CC1=CC=C(C(=C1)NC(=O)C2CC3C4=CC=CC=C4C2C5=C3C=CC=C5)C,5.26
C1=CC(=C(C(=C1)F)C(=O)N2CCCC2)F,1.88
CC(C(=O)N)OC(=O)C1=CC=CC(=C1)C(F)(F)F,2.75
CCOC(=O)C=1C=NN(C1N)C(=O)C=2C=NN(C2C(F)(F)F)C3=CC=C(C=C3)[N+](=O)[O-],3.53
O=C(N1CCCN(C2=NC=C(C(F)(F)F)C=C2)CC1)C=3SC4=CC=CC=C4C3,4.92
C1=CC=C2C(=C1)CC(C2)N3C(=NN=C3SCC(=O)C4=CC=C5C(=C4)OCCO5)OCC(=O)C6=CC=C(C=C6)F,5.47
CC1=CC=C(C=C1)N2CC(=O)N(CC2=O)N=CC3=CN(N=C3C4=CC=C(C=C4)Cl)C5=CC=CC=C5,6.14
CSC=1C(=C(N2C(N1)=C(C(=N2)SC)C#N)C3=CC=C(C=C3)Cl)C#N,5.51
CN1C2=CC=CC=C2C=3C(=C(SC3C(=O)N4CCOCC4)SC)S1(=O)=O,3.11
CC1=CC=CC(=C1C)NC(=O)CSC2=CC=CC=N2,3.19
CSC1=C2C(=C(S1)C(=O)NC3=CC=C(C=C3)Cl)CCC4=C2N=C(N=C4)SC,5.87
CCOC(=O)C1=C(C(=O)N(C1)C(C)(C)C)NC2=CC=C(C=C2)OC(=O)NC3=CC=C(C=C3)OC(F)(F)F,6.72
CN1C(=NN=C1SCC2=CC(=CC(=C2)F)F)C=3C=CC=4C(C3)=NON4,3.68
CC12C3=CC(=C(C=C3CCN1C(=O)OC24CCCCC4)OC)OC,3.47
CC1=C(CC2C(C1)C(=O)N(C2=O)C3=CC=CC(=C3)Br)C,3.93
C1=CC=C(C=C1)S(=O)(=O)N2CCN(CC2)C(=O)C3=CC=CN=C3,2.3
CCC1=CC=C2C(=C1)C=C3C(=N2)C4=C(N(C(=O)N(C4=O)C)C)N(C3=O)C5=CC=CC=C5,4.31
CCOC(=O)C1=C(NC(=O)NC1C2=CC=C(O2)C3=CC(=CC(=C3)C(F)(F)F)C(F)(F)F)C,6.04
C1=CC(=CC=C1C=2N=C(ON2)C(F)(F)F)C=3N=C(ON3)C(F)(F)F,6.06
CC=1C(=C(N(N1)C2=CC=CC=C2)C)C3=NN=C(O3)C=4C(=NN(C4C)C5=CC=CC=C5)C,5.56
CC=1C=C(N(N1)C2=CC=C(C=C2)N3C=CC=C3C=C(C#N)S(=O)(=O)C)C,4.25
C=1C=C(SC1)C=CC(=O)NC2=CC=C(C=C2)I,4.67
CC(C)(C)C=1C=C(N(N1)CC2=CC=CC=C2)C3=NC(=NO3)C4=CC=C(C=N4)C(F)(F)F,6.58
C=1C=CC=2C(C1)=CN(N2)C3=CC=C(C=C3)C(F)(F)F,4.42
CCCN(CCC)S(=O)(=O)C1=CC=C(C=C1)C(=O)N2CCC3C4=CC=CC=C4C(=O)N3C2,4.55
CC1CN(C(NS(=O)(C2=CC(C(F)(F)F)=CC(C(F)(F)F)=C2)=O)=N)CC(C)O1,4.43
CC=1C=C(N(N1)C2=NCCN2S(=O)(=O)C3=CC(=CC(=C3)C(F)(F)F)C(F)(F)F)C,4.7
CN1C=2C=CC(=C3C2C(=CC=C3)C1=O)S(=O)(=O)N(C4=CC=C(C=C4)OC)C(=O)C5CCCCC5,5.26
C=12C(=NON1)NC3C(N2)NC=4C(=NON4)N3,0.3
CC(=O)OC1=CC=C(C=C1OC)C=C(C(=O)NC2=CC=CC(=C2)CO)NC(=O)C3=CC=CC=C3,4.04
COC1=CC=CC(=C1)NC(=O)CSC2=NN=C3N2C=CC=C3,2.45
C1=CC=C(C(=C1)C2C3CSCC=C3C(=C(C2(C#N)C#N)N)C#N)Cl,4.5
CCC1CCCCN1C(=O)C2CC(=NO2)C3=CC(=C(C=C3OC)OC)Cl,4.55
CCC1=CC=C(C=C1)N2C3CS(=O)(=O)CC3N(C2=S)CC=C,2.86
C1=CC=C2C(=C1)C3C4=CC=CC=C4C2C5C3C(=O)N(C5=O)C6=NC=CS6,3.83
C1=CC=C(C=C1)C(=O)C2=CC=C(C(=C2)F)N3CCN(CC3)C(=O)C4=C(C=CC=C4F)F,5.14
CC1=CC=CC(=C1NC(=O)CSC2=NN=NN2C3=CC=C(C=C3)OC(F)(F)F)C,4.82
CC(C)CC(=O)N1C2=C(C=CC=C2OC)C3=C(SSC3=S)C1(C)C,5.09
CC=1N=C2C(=C(N1)N(C)C)SC(=S)N2C3=CC=CC=C3,3.62
CCOC(=O)C1=C(N2C(=O)C(SC2=C(C1C3=CC=C(C=C3Cl)Cl)C(=O)OCC)C)N,5.49
CN1C2=C(C(=O)N(C1=O)C)N(C(=N2)SCC(=O)NCCC3=CC=C(C(=C3)OC)OC)CC4=CC=CC=C4F,4
CCOC(=O)C1CCN(CC1)S(=O)(=O)C=2N=C3N=C(C=C(N3N2)C)C,2.71
CC1=CC=C(C=C1Br)NC2C(C(C(C(O2)CO)O)O)O,2.28
COC1=CC=C(C=C1)S(=O)(=O)N2C3=CC=CC=C3N(C2=O)S(=O)(=O)C4=CC=C(C=C4)OC,5.22
BrC1=CC=C(C=C2SC3=NC4(N(C)C(N(C)C4(C5=CC=CC=C5)NN3C2=O)=O)C6=CC=CC=C6)C=C1,5.72
C1=CC=C(C=C1)N2C(=O)N(N(C2=O)CC(=O)N3CCCCC3)CC(=O)N4CCCCC4,2.78
C1=CC=C(C=C1)SC2=C(C(=O)N3C=CC=CC3=N2)C=C4C(=O)N(C(=S)S4)CC5CCCO5,5.87
CC(=O)OC(C12C=CC(O1)C3C2C(=O)N(C3=O)C4=CC=C(C(=C4)C(=O)OC)Cl)OC(=O)C,3.77
CCC(C(=O)OC1=CC=C2C(=C1)OC(=O)C3=C2CCCC3)NS(=O)(=O)C4=CC=C(C=C4)C,3.08
CC1=CC2=C(C=C1C)NC3=C(C(N2)C4=CC(=C(C(=C4)OC)OC(=O)C)OC)C(=O)CC(C3)(C)C,4.21
CC1=CC(N2C3=C1C=C(C=C3C(=C4C(=O)N=C(S4)NC(=O)C)C2=O)OC)(C)C,4.62
CC1=C(C(C2=CC=CS2)C3=C(CCCC3=N1)O)C(N4CCCCC4)=O,3.37
CC(=O)NC1=CC=C(C=C1)OCC2=CC(=CC=C2OC)C3NC4=CC=CC=C4C(=O)N3C5=CC=CC=C5,4.65
CCCCC(=O)NC1C2CC3CC(C2)CC1C3,3.8
CC1=NC2=C(C(C1C(=O)OCCC3=CC=CC=C3)C4=CC=C(C=C4)Cl)C(=O)CCC2,5.48
CC1=CC=C(C=C1)C(=C2C3C=CC2C4C3C(=O)N(C4=O)C5=CC=CC(=C5)C(=O)C)C6=CC=C(C=C6)C,6.25
C1=CC=C(C(=C1)NC(=O)COC2=CC=C(C=C2[N+](=O)[O-])C(F)(F)F)Br,5.16
CCOC(=O)C1=C(N=C(C(=C1C2=CC=CC=C2)C#N)SCC3(CCCCC3SC)O)C,6.01
CC=1C2=CC(=CC=C2OC1C(=O)NC3=CC=C(C=C3)S(=O)(=O)N4CCCCCC4)F,5.68
COC(=O)C1=CC=C(C=C1)C2C3=C(CC(CC3=O)C4=CC=CO4)NC5=CC=CC=C5N2C(=O)C6CC6,4.44
C1=CC=C2C(=C1)CC3(CCCCC3)C4=C2N=C(N(C4=O)CC5=CC=CO5)SCC(=O)N,5.45
C1=CC=C2C(=C1)C(=O)N(C2=O)C3=CC=CC(=C3)C(=O)OCC(=O)C4=CC=C(C=C4)F,4.68
CC1=NC=CN1S(=O)(=O)C2=CC=C(C=C2)Cl,2.93
C1=CC(=C(C=C1N2C(=O)C3CC=CCC3C2=O)C(=O)N)N4CCCCC4,3.68
CC(=O)OC1=CC=C(C=C1)C(=O)NC2=CC=CC(=C2)C(=O)C3=CC=CC(=C3)NC(=O)C4=CC=C(C=C4)OC(=O)C,5.34
CC1=CC=C(C=C1)N2C(NC3=CC=CC=C3C2=O)C4=CC=CC(=C4)[N+](=O)[O-],4.18
O=C1N(N=CC2=C(Cl)C=CC([N+]([O-])=O)=C2)C(C3=CC=CC=C13)=O,4.03
CC1=CC=C(C(=C1)C(=O)C2=CC=CC=C2)NC(=O)C3=CC=C(C=C3)S(=O)(=O)N4CCOCC4,4.54
CC1=C(C(C(=C(N1)SCC(=O)C2=CC=C(C=C2Cl)Cl)C#N)C3=CC=CS3)C(=O)C,5.25
CC1=NC2=C(C(C1C(=O)OCC3CCCO3)C4=CC=CC(=C4)OC)C(=O)CCC2,3.62
C1=C(C=C(C=C1C(=O)N)NC(=O)C2=CC(=CC(=C2)C(F)(F)F)C(F)(F)F)C(=O)N,3.87
COC1=CC=CC=C1N2C(=O)C3=CC=C(C=C3C2=O)C(=O)NC4=CC=C(C=C4)C5=NN=C(O5)C6=CC=CC=C6,6.17
CC1=C(C(C2=C(N1)CC(CC2=O)(C)C)C3=CC(=CC=C3Cl)[N+](=O)[O-])C(=O)OCC4CCCO4,4.53
CCC(C(=O)C1=CC=CC=C1)OC(=O)CNC(=O)C2=CC=C(C=C2)N3C(=O)C4=CC=CC=C4C3=O,4.15
CCC(=O)N1C2=CC=CC=C2NC3=C(C1C4=CC=C(O4)C5=CC=C(C=C5Cl)[N+](=O)[O-])C(=O)CC(C3)(C)C,5.55
CC1=C(C(C(=C(N1)SCC(=O)NC2=CC=CC=C2)C#N)C3=CC=CC=C3Cl)C(=O)C,4.97
C1=CC2=C(C=C1C3=CC=C4C(=C3)C(=O)N(C4=O)CCO)C(=O)N(C2=O)CCO,3.19
COC1=CC=C(C=C1)NC(=O)C2=CC(=CC(=C2)NC(=O)C3=CC=CC=C3)C(=O)NC4=CC=C(C=C4)OC,5.59
CC1=CC=CC=C1N2C(C3C(O2)C(=O)N(C3=O)C4=C(C5=C(S4)CCCC5)C#N)C6=CC=C(C=C6)OC,5.83
CCC1CCC2=C(SC(=C2C(=O)OCC)NC=C3C(=O)N(C(=O)N(C3=O)C)C)C1,5.76
CCOC1=CC(=CC=C1OC(C)C)C2C3CN(CC=C3C(=C(C2(C#N)C#N)N)C#N)C(=O)OC(C)(C)C,5.83
CC1=CC=C(C=C1)S(=O)(=O)N=C2N(C(=O)C(=CN(C)C)S2)C3CCCCC3,4.75
CCOC1=CC=C(C=C1OCC)CC2C3=CC(=C(C=C3CCN2C(=O)C4=C(N=CS4)C)OCC)OCC,4.98
CC1(OCC(O1)COC2=C(C(=NC(=C2Cl)F)N3CCOCC3)F)C,4.07
COC1=CC=CC(=C1)C2=NN=C3C2C(C(=C(O3)N)C#N)C4=CC(=C(C=C4Br)OC)OC,4.52
CCNC(=O)C(=CC1=CN(N=C1C2=CC=CS2)C3=CC=CC=C3)NC(=O)C4=CC=CC=C4,4.64
COC(=O)C1=CC=C(C=C1)N(C2CS(=O)(=O)C=C2)C(=O)C(F)(F)F,2.05
CC1=CC=CN2C1=NC(=C(C2=O)C=O)NC,2.68
CC(NC=1SC2=CC3=C(C=C2N1)SC(=N3)NC(C)=O)=O,3.13
O=C(C(F)(F)F)N1C(C=2OC=CC2)C=3C(CC(C4=CC([N+]([O-])=O)=CC=C4)CC3NC5=CC=CC=C51)=O,4.68
COC1=CC=C(C2CC3=C(C(C2)=O)C(C4=CC(OC)=C(OC)C(OC)=C4)N(C(C(F)(F)F)=O)C5=C(N3)C=CC=C5)C=C1,4.87
CC1=CC=C(C=C1N2C(=O)C3C4C=CC=NN4C(C3C2=O)C(=O)C(C)(C)C)[N+](=O)[O-],3.85
C1=CC=C2C(=C1)N=C3C(=N2)N(C(=N3)C4=CC=C(C=C4)[N+](=O)[O-])CC5CCCO5,3.75
CCOC(=O)C1=C(C2=C(N1)CCC(=C2Cl)C=O)C,3.92
C1=CC=C(C=C1)S(=O)(=O)C=2C=3C(=NC(=C(N3)C#N)C#N)N(C2N)CC4=CC=C(C=C4)F,4.86
CCOCCOC(=O)C(C)N1C=NC2=C(C1=O)C3=C(S2)CC(CC3)C,4.25
CC1=NN=C2N1C3=CC(Cl)=CC=C3N(CCNC4=NC=C(C(F)(F)F)C=C4Cl)C2=O,4.57
CC1=CC=C(N1C2=CC=C(C=C2)C3=CC=NC=4N3N=CN4)C,3.5
COC1=CC=C(C=C1OC)C(=O)C=CNC2=CC=C(C(=C2)C(F)(F)F)Cl,5.31
COC(=O)C=CCN1C(=O)C2=CC=CC=C2C1=O,2.46
CC(C1=CC=CC=C1)NC(=O)C2CCN(CC2)C(=O)C3=CC=C(C=C3)F,3.48
CC1(C2NC(=S)N(N2C(=S)N1)C3=CC=C(C=C3)Cl)C4=CC=C(C=C4)Cl,4.94
CN(C)C(=C(C#N)C#N)C=CNC1=CC(=CC(=C1)Cl)Cl,1.59
O=C(NC1=CC2=C(CCCC2=O)N(CCNC3=NC=C(C(F)(F)F)C=C3Cl)C1=O)C4=CC=C(Cl)C=C4,5.83
C=1C=C(SC1)CC(C#N)C2=C(C=C(C=N2)C(F)(F)F)Cl,4.09
CC(C(=O)C1=CN(N=N1)C2=CC=C(C=C2)OC(F)(F)F)OC3=CC=C(C=C3F)F,5.83
CCOC(C1C2C(C(N(N(C3=NC=C(C(F)(F)F)C=C3Cl)C)C2=O)=O)C(C4=C(O)C5=C(C4=O)C=CC=C5)=N1)=O,4.38
CC1=C(C(=O)C=CN1CC2=CC=C(C=C2)Cl)OCC3=C(C=CC=C3Cl)F,5.63
CC1(CC2=C(C(C(=C(O2)N)C#N)C3=CC=C(C=C3)C(F)(F)F)C(=O)C1)C,4.55
CCOC1=CC=C(C=C1OCC)CC(=O)C2=C(CCCC2=O)N3CCCC3,3.3
CC1=C(C2=C(S1)C(C(=C(O2)N)C#N)C3=CC(=CS3)Br)C(=O)OC,5.06
COC1=CC(=C(C=C1OC)NC(=O)COC=2C(=NON2)N3CCOCC3)C(=O)OC,4.49
CN(C)C1=NC(=NC(=N1)N)COC(=O)C2=CC=C(C=C2)N3C=NN=C3,2.74
COC1=CC=C(C(=C1)OC)C2CC(=O)N(C3=C2C(=O)CCC3)C4=C(C5=C(S4)CCCC5)C#N,4.55
COC1=CC=CC(=C1)OCCN2C(=O)C3=CC4=C(C=C3C2=O)C(=O)N(C4=O)CCOC5=CC=CC(=C5)OC,5.43
CC(C)(C)C(=O)C1C(C(C2N1C3=CC=CC=C3C=C2)(C#N)C#N)C=4C=CSC4,3.37
CC1=C(C(C2=C(N1)CC(CC2=O)C3=CC=CS3)C4=CC=C5C(=C4)OCO5)C(=O)OCCC6=CC=CC=C6,5.44
CC1=C(C(C2=C(N1)CC(CC2=O)C3=CC=CC=C3OC)C4=CC=C(C=C4)OC(=O)C)C(=O)OC5CCCC5,5.81
CCOC1=CC(=C(C=C1OCC)NC(=O)C2=CC(=C(C=C2Cl)Cl)S(=O)(=O)N3CCOCC3)C#N,4.31
O=C1C=C(CO)OC2=C1OC(N)=C(C#N)C2C3=C(OCC4=CC=CC=C4Cl)C=CC=C3,4.34
CC(C)CNC1=NC(=NC(=N1)SCC(=O)OC)N2CCOCC2,3.75
CC1=CC=CC=C1C(=O)NC(C(Cl)(Cl)Cl)NC(=S)NC2=CC=CC=C2OC,3.95
CC1=C(C(C(=C(N1)C)C(=O)OC)C2=CN(N=C2C3=CC=CC(=C3)[N+](=O)[O-])C4=CC=CC=C4)C(=O)OC,5.04
CC1=C(C(=O)N(N1C)C2=CC=CC=C2)NC(C(Cl)(Cl)Cl)NC(=O)C3=CC=CC(=C3)[N+](=O)[O-],3.99
CC1CN(CC(O1)C)C(=O)C=2C=C(N=C3C2C=CC=C3)C4=CC=C5C(=C4)OCO5,4.19
CC1=CC=C(C=C1C)N2C(=CC(=O)C=C2C)C,2.95
CCC1=CC=CC(=C1N(C(C)COC)C(=O)CN2C3=CC=CC=C3N=C2C(C)O)C,4.48
CC1=CC2=C(C(C3=CC(OC)=C(OC)C(OC)=C3)C(C#N)=C(N)O2)C(N1)=O,2.55
C1=CC=C(C=C1)C(=O)N2CCCCC(C2=O)SC3=NN=C4N3C=CC=C4,3.14
N1(C(=O)C2C3C4=C(C=CC=C4)C(C2C1=O)C5=C3C=CC=C5)CCOC(=O)C6=CC=C(C=C6)S(=O)(=O)N(CCC)CCC,4.17
CC1=CC=C(C(=C1)C)NC(=O)C2=C(C=CC(=C2OC)Cl)Cl,4
CCOC(=O)C1=C(SC(=N1)N)C,1.74
C1=CC=C(C=C1)C(=O)OC2=CC=C3C=C(C(=O)OC3=C2)C4=NC5=CC=CC=C5S4,5.7
CC(C)CCN1C2=C(N=C1NCCO)N(C(=O)N(C2=O)C)C,2.93
O=C(OC)C1=CC=C(C2C(C(OCC)=O)=C(N)N3C(C(SC3=C2C(OC)=O)=CC4=CC=C(C(OC)=O)C=C4)=O)C=C1,6.95
C1=CC(=CC=C1CON2C3CCCCC3N(C(=O)C2=O)OCC4=CC=C(C=C4)Br)Br,5.49
CC1=CC(=C(N1CCOC)C)C(=O)CSC2=C3C(=C(SC3=NC=N2)C)C,4.59
CC1CCC2=C(SC=3C2=C(N=CN3)SCC(=O)NC4=CC(=CC=C4C(=O)OC)C(=O)OC)C1,5.79
CC1=CC=C(C=C1C)NC(=O)C2CCCN2C(=O)OC(C)(C)C,3.9
CC(=O)C1(CCC2C1(CCC3C2CCC4=CC(=CCC34C)NOCC(=O)NC(C5=CC=CC=C5)C(=O)OC)C)O,6.27
CCCCC1(NC(=S)N(N1)C2=CC=C(C=C2)C)C3=CC=CC=C3,5.1
C1CCC2=C(C3=C(N=C(N=C3S2)SCC(=O)N(CCO)CCO)N)C1,3.2
CC1=CC=2C(C(=C1C)[N+](=O)[O-])=NSN2,2.64
CCOP(=O)(CC1=CC=C(O1)CP(=O)(OCC)OCC)OCC,3.25
COC1=CC=C(C=C1)N=CC2=CC=C(C=C2)C=NC3=CC=C(C=C3)OC,5.24
CCCC1=C2C(=NN1)OC(=C(C23C4=CC=CC=C4N(C3=O)CC(=O)N)C(=O)OC)N,4.48
C1=CC=C2C(=C1)N=CC(=N2)C3=CC=CC(=C3)NC(=O)C4=CC=CS4,4.34
C1=CC=C(C=C1)N2C(C3C(O2)C(=O)N(C3=O)C4=CC=C(C=C4)Cl)C5=CC=CC=C5OS(=O)(=O)C6=CC=CC=C6,6.47
CCCC(=O)OCC(=O)NC1=CC=C(C=C1Cl)F,3.02
C1=CC=C2C(=C1)C(=C3C(=O)N(C(=S)S3)CC4=CC=CO4)C(=O)N2CC(=O)NC5=CC=C(C=C5)F,6.36
CC1=CC=CC=C1C=2N=C(ON2)CCl,3.3
C1=CC=C(C=C1)CSCC2C(=O)N(C(=S)N2)C3CCCCC3,4.58
CCOC(=O)N1CCN(CC1)C(=O)C2=CC=C(C=C2)N3C(=O)C4CCCCC4C3=O,3.74
CCOCCOC(=O)C1=CC=C(C=C1)NC(=O)COC2=CC=C(C=C2Br)C,5.36
COC1=CC=C(C(=C1)NC(=O)C2=CC=C(C=C2)NC3=C(C(=O)N(C3=O)C4CCCCC4)Cl)OC,5.96
N1(C(=CC=CC(=O)C(F)(F)F)C(C2=C1C=CC=C2)(C)C)C,4.41
CC1CCC2=C(SC(=N2)NC(=O)C3=CC=C(C(=C3)F)F)C1,4.79
CC1(C(=NC(=S)N1C2=CC=C(C=C2)OC)NC(C(N3C=NC=N3)OC4=CC=C(C=C4)Cl)C(C)(C)C)C,5.56
C1(=C(NC(=C(C1C=2SC=CC2)C#N)SCCCCCC)C)C(NC3=C(C=CC=C3)OC)=O,6.28
C1C=CC2C1C3(C(=C(C2(C3(Cl)Cl)Cl)Cl)Cl)Cl,5.69
CC1=C(C(=O)N(N1C)C2=CC=CC=C2)NC=C3C4=CC=C(C=C4C(=O)N(C3=O)CC5=CC=CO5)OC,4.66
CCCCC(=O)NC1=CC=C(C(=C1)[N+](=O)[O-])F,3.04
CCOC(O)=CC1=NC2=NON=C2N=C1O,1.61
CCC(=O)N1C2=CC=CC=C2C3=C(N=C(N=N3)SC)OC1C4=CC=C(C(=C4)OC)OCC,3.95
C1=C(C=C2C(=C1)OCO2)C=CC(=O)NCCCCNC(=O)C=CC3=CC4=C(C=C3)OCO4,4.59
COC1=CC(=CC(=C1)OC)C(=O)OC2=CC=C(C=C2)C(=O)OC,4.64
COC1=CC=C(C=C1CSC2=CC=CC=N2)C3C(=C(N(C4=C3C(=O)CCC4)C5=CC=CC=C5C(F)(F)F)N)C#N,5.45
CC(C)C(=O)NC(C(Cl)(Cl)Cl)OC1=CC=C(C=C1)C=O,3.68
CC(C)C(C(=O)NC1=NC(=CS1)C2=CC=C(C=C2)S(=O)(=O)N3CCOCC3)N4C(=O)C5=CC=CC=C5C4=O,5.32
CC(C)OC(=O)C1=C(OC(=C(C1C2=CC=NC=C2)C#N)N)CSC3=C(C=C4C(=N3)CCCCC4)C#N,5.43
CC1=CC=CC=C1OCC(=O)NCCNC(=O)COC2=CC=CC=C2C,4.25
CC(=O)N1CC(=O)N(C1=S)CC(=O)N(CC2=CC=CC=C2)C3=NC(=CS3)C4=CC=CC=C4,4.43
COC1=CC(=CC(=C1OC)OC)C2C3=C(CCCC3=O)N(C(=C2C(=O)C4=CC=CC=C4)N)C5=CC=CC=C5C(F)(F)F,4.51
CC1=NN=C(S1)N2C(C=3C(=O)C4=CC=CC=C4OC3C2=O)C5=CC=CC(=C5)OCC=C,4.52
CCOC1=CC(=CC(=C1OCC#C)I)C=C2C(=O)N(C(=S)N(C2=O)C)C,3.72
COC1=NC(=NC(=N1)Cl)NC2=CC=CC=C2,2.89
C1=CC(=CC(=C1)OC2=CC=C3C(=C2)C(=O)N(C3=O)CCO)OC4=CC=C5C(=C4)C(=O)N(C5=O)CCO,4.61
CC1=CC=CC(=C1)N2C(=CN3C2=NC4=C3C(=O)N(C(=O)N4C)C)C5=CC=CC(=C5)OC,4.16
CCC1=CC=C(C=C1)C2=CSC(=N2)C(=CNC3=CC=C4C(=C3)OCO4)C#N,6.59
CCN(C1=NN=C(S1)C2=CC=C(C=C2)Cl)C(=O)CN3C(=O)C4CCCCC4C3=O,4.91
CC=1C2=C(N(C(=C2C(=NN1)C)C)C(C)C3=CC=C(C=C3)OC)C,3.43
CC1CCCN(C1)C2=NC3=C(N2CCSC4=NC5=CC=CC=C5S4)C(=O)N(C(=O)N3C)C,5.05
C1=CC=C(C=C1)COC(=O)CSC=2C(=C(SN2)SCC(=O)OCC3=CC=CC=C3)C#N,5.6
C=1C=C(SC1)C=C2C(=O)N(C(=S)S2)CCCCCC(=O)N3CCOCC3,4.92
CC1=C(C(=O)C2=CC=C(C=C2O1)OCC(=O)OCC=C)C3=CC=C(C=C3)Cl,4.84
CCC1=CC2=C3C(=C1)C4(C(=C(OC5=C4C(=O)CC(C5)(C)C)N)C#N)C(=O)N3C(C=C2C)(C)C,5.39
CCCSC1=NC2=C(C(=O)N1C3=CC=C(C=C3)Br)SCC2,4.61
CCCCCC(=O)NC1(CCCC1)CCC,4.28
CCOC(=O)C1=C(OC(=C(C1C2=CC=CC(=C2)I)C#N)N)C,4.48
CCCCN1C2C(N(C1=O)C)N(C(=O)N2C)CCCC,2.69
CC1=C(SC(=N1)SCCOC2=CC=CC=C2)C(=O)C,3.86
C1=CC=C(C=C1)C2C3C(C(=O)N(C3=O)C4=CC=CC=C4)C5(O2)C(=O)C6=CC=CC=C6C5=O,4
CCC1=CC=C(C=C1)C2C(=C(N=C3N2C(=O)CCS3)C)C(=O)OC(C)C,4.75
CC1=CC2=C(C(=O)O1)C(C(=C(O2)N)C#N)C3=CC=CC(=C3F)F,3.1
C1(=C(C(=NC(=C1F)F)F)F)NN,0.86
C1=CC=C(C=C1)C=CC(=O)NC2=CC=C(C=C2)N3CCN(CC3)C(=O)C4=CC=CS4,4.94
CCOC1=CC(=CC=C1OCC2=CC=C(C=C2)Cl)C3C(=C(NC(=S)N3)C)C(=O)OCC,5.31
CC1=CC(=C(N1CC2CCCO2)C)C(=O)COC(=O)C3=CC=C(C=C3OC)OC,4.18
CC=1C2=C(N=C3N(C2=O)CCCCC3)SC1C(=O)N4CCN(CC4)S(=O)(=O)C5=CC=CC=C5,4.13
CC(=C)CSC1=NN=C(N1C2CCCC2)C3=CC=CC(=C3)S(=O)(=O)N4CCOCC4,4.73
C=1C=C(SC1)C2=NN=C(O2)SCC(=O)NCCN3C(=O)CSC3=O,2.31
CN1C2=CC=CC=C2N=C1C(C#N)C(=O)C(C3=CC=CC=C3)SC4=CC=CC=C4,5.28
C1=CC(=CC=C1NC(=O)C2=CC=C(O2)COC3=CC=C(C=C3)I)OC(F)F,5.99
CC1=CC=C(C=C1)CN2C(=O)C(=CC3CCC=CC3)SC2=S,6.26
C1=CC=C(C=C1)CCNC(=O)C2=CC=C(C=C2)Cl,3.71
C1=CC(=CC(=C1)S(=O)(=O)N2CCOCC2)C(=O)N3CCN(CC3)C4=CC=CC(=C4)Cl,4.34
CC(=O)C1=CC=C(C=C1)NC(=O)CNC(=O)CNC(=O)C2C3C(C4C(O2)OC(O4)(C)C)OC(O3)(C)C,3.39
CC1=CC=CC(=C1NC(=O)CN2C=C(C=3C2=CC=CC3)C(=O)C4CC4)C,3.47
CCOC(=O)C=1C2=C(SC1NC(=O)CSC3=NN=C(S3)C)CCCCC2,5.03
CC1=CC=C(C(=C1)C)N(CC(CN2C=3C=CC=CC3C4=C2C=CC=C4)O)S(=O)(=O)C,5.56
CC1CCC2(CC1)N=C(C(=O)N2CC(=O)NC3=CC=C4C(=C3)OCCO4)C5=CC=CC=C5,5.07
CC(C)CN1C(=O)C(=CC2CCC=CC2)SC1=S,6.66
CC12CCC3C1(COC2(C3)C(=O)NCC(F)(F)F)C,3.11
CC1=C(C(=CC(=C1C)Br)C(=O)NCCCOC)C,2.93
C=CCN1C2=C(OC)C=CC=C2SC1=NC(C3=CC(OC)=C(OC)C(OC)=C3)=O,5.14
CCC1CCCCN1C(=O)COC2=CC=CC3=C2CCN(C3=O)CC4=CC=C(C=C4)Cl,5.23
O=C(C1=CC=C(S(=O)(N(C2=CC=CC=C2)C)=O)C=C1)N=C3N(C)C4=CC=C([N+]([O-])=O)C=C4S3,5.84
CC=1C(=C(N(N1)C2=CC=CC=C2)N)C3=CC=CC=C3,3.27
C=12N(N=C(N1)SCC3=C(C=CC=C3)F)C(C(=C(N2)C)C(NC4=C(C=CC=C4)OC)=O)C5=CC=NC=C5,4.66
CC1=CC(=O)OC=2C1=CC=C(C2)OCC3C4=CC(=C(C=C4CCN3C(=O)C5CCCCC5)OC)OC,5.07
C=1C=C(OC1)C(=O)N2CCN(CC2)C3=CC=C(C=C3Cl)NC(=O)C4=C(C(=C(C(=C4F)F)F)F)F,5.85
CCCOC1=CC=C(C=C1)NC(=O)CC2C(=O)N(C(=S)N2C3CC3)C4=CC=C(C=C4)Cl,5.41
CC=1C(=CN(N1)C)C2=CC(=NC(=C2C#N)SCC(=O)NCC=C)C(F)F,3.74
C1=CC(=C(C(=C1)Cl)CN2C=CC(=N2)NC3=NN=C(S3)CC4=CC=C(C=C4)N5C=NN=N5)Cl,4.99
CC1=CC(=NN1C(C)C2=NN=C(S2)NC=3C=CN(N3)CC4=CC=CC=C4)C(F)(F)F,5.34
CN1C(=C(C=N1)Br)C(=O)N2CCCCCC2,2.63
CN1C=NN=C1SCC(=O)NC2=CC(=C(C=C2C(=O)OC)OC)OC,2.78
CC1=C(C(NC(=O)N1)C2=CC=C(C(=C2)OC)OC(F)F)C(=O)OC(C)C,3.75
CC1=NN(C(C1)(C2=CC=C(C=C2)Cl)O)C(=O)C3=CC=CC=C3Cl,3.73
CC=1C=C(N(C(=O)C1C#N)N=CC2=CC=CC=C2OC)C,3.08
C1=CC(=CC(=C1)C(=O)N2CCC(N3C2=CC=N3)C(F)(F)F)COCC(C(F)F)(F)F,4.27
C=1C(=NC2=CC(=NN2C1C(F)(F)F)C(=O)NCC3CCCO3)C4CC4,3.33
CCN1C=C(C(=N1)C)CN(C)C(=O)C2=CC3=CC(=CC=C3OC2=O)Br,3.27
CC1CCCCN1C(=O)CCCCC(=O)N2CCCCC2C,3.42
CCCN1C=2C=CC=CC2C3=C1N=C(N=N3)SCC(=O)NC(C)C4=CC=CC=C4,4.36
CCCC1=C(C(NC(=O)N1)C2=CC=C3C(=C2)OCO3)C(=O)OCC,3.59
CC=1C2=C(NN1)OC(=C(C2C3=CC=C(C(=C3)OC)OCC4=CC=CC(=C4)F)C#N)N,4.42
CC=1OC(=CC1)C=CC(=O)NCCNC(=O)C=CC=2OC(=CC2)C,3.97
CC1CCCC(N1C(=S)NCCCOC)C,2.8
CCSCCOC(=O)C1=C(NC2=C(C1C3=CC=C4C(=C3)OCO4)C(=O)CC(C2)C5=CC=CS5)C,5
C1=CC(=C(C=C1NC(=S)NCC2CCCO2)Cl)OC(F)F,3.74
CC=1C(=C(N(N1)C)C)CN(C)C(=O)C2=CC=C(O2)CN3C(=C(C(=N3)C)[N+](=O)[O-])C,3.27
CC1=C(C=NN1C)CN(C)C(=O)C(C)N2C(=C(C(=N2)C(F)F)Br)C,3.12
C=1C=C2C(=CC1Cl)SC(=C2Cl)C(=O)N3CCN(CC3)C(=S)NCC4CCCO4,4.83
CC=1C(=CN(N1)C)C=2C=C(N3C(N2)=CC(=N3)C(=O)N4CC(OC(C4)C)C)C(F)(F)F,4.11
CC=1C(=CN(N1)C)C=2C=C(N3C(N2)=C(C=N3)C(=O)N(C4CCCCC4)C5CCCCC5)C(F)(F)F,5.81
CC(C(=O)NC1=CC=C2C(=CC(=O)OC2=C1)C(F)(F)F)N3C(=C(C(=N3)C(F)(F)F)Cl)C4CC4,6.63
CC1=C(C(=NN1C(C)C(=O)N2CCOCC2)C(F)(F)F)Cl,3.08
C1=CC=C(C=C1)NC(=O)CN2C3C(C(=O)N(C3=O)C4=CC=C(C=C4Cl)Cl)N=N2,4.3
CCN1C=CC(=N1)CN(C)C(=O)C2=CC=CC=C2COC3=CC=C(C=C3F)F,4.43
CC1=CC=C(C(=C1)OCC2=CC=C(O2)C=3N=C4C5=CNN=C5N=CN4N3)Cl,4.4
C1=CC=C(C=C1)OCC2=NN=C(N2N)SC(F)F,1.85
CCN1C(=NN=C1SCC(=O)NCC=C)CCN2C(=C(C(=N2)C)Br)C,3.53
C=1C=C(OC1COC2=C(C(=CC(=C2F)F)F)F)C(=O)NC3CC3,3.54
CCOCCOC(=O)C1=C(NC2=C(C1C3=CC=C(C=C3)C)C(=O)CCC2)C,3.89
CC(C=1N=C2C=3C=NN(C3N=CN2N1)C4=CC=CC=C4)N5C=C(C=N5)[N+](=O)[O-],3.73
CCN1C(=NN=C1SCC=2N=C3C=4C=NN(C4N=CN3N2)C)C=5C=C(N(N5)C)C(F)(F)F,3.85
CCOC(=O)N1CCN(CC1)C(=O)C=2C3=C(ON2)CCC(C3)C(C)(C)C,4.52
CC=1C=C(N2C(N1)=CC(=N2)C3=NN=C(O3)C4=CC=CC(=C4)C(F)(F)F)C(F)(F)F,4.92
CCCOC(=O)C=1C(=C(SC1NC(=O)C2CCN(CC2)S(=O)(=O)C)C(=O)N)C,3.9
CC(C)COC1=CC=C(C=C1)C(=O)N2C(CC(=N2)C(F)F)(C(F)F)O,5.16
CC(C)(C)C1=CC(=NC(=N1)SCCNC(=O)C2CCCCC2)C(F)(F)F,5.77
CCN1C=C(C=N1)C=2N=C3C=4C(=C(SC4N=CN3N2)C)C,3.77
CCCNC(=O)N1CCN(CC1)C(=O)NCCC,1.04
C1=CC=C(C=C1)C(=O)C(NC(=O)C2=CC=CC=C2)SC3=NC=CC=N3,3.62
CC=1C=C(N2C(N1)=NN=C2SCC3=CC=C(C=C3)C(=O)C4=CC=CC=C4)C,4.43
CC(=O)NC1C(C2C(COC(O2)(C)C)OC1OC=3C=CC=C4C3C=CC=C4)O,3.8
CC1=C(C(OCC)=O)C(C2=CC=CS2)N3C(C(SC3=N1)=CC4=CC=C(OC(C)=O)C=C4)=O,4.77
CCOC(=O)C1=C(N=C(S1)NCCNC2=NC(=C(S2)C(=O)OCC)C)C,4.66
CC(C)(C)N(C)C(=O)C1=C(C(=C(C(=C1F)F)F)F)F,3.45
CCCCC(CC)CN1C2=C(N=C1SCC(=O)NC3=CC=C(C=C3)OC)N(C(=O)N(C2=O)C)C,5.51
C=1C=C2C(=CC1Br)C(=CN2CC(=O)N3CCCCCC3)C(=O)C(F)(F)F,4.62
C1=CC=C(C=C1)SC=CC=CS(=O)(=O)C2=CC=CC=C2,4.03
CC1=CC(=C(S1)C)C=2C3=C(NN2)OC(=C(C3C4=CC=C(C=C4)NC(=O)C)C#N)N,4.26
CC=1C2=C(N(N1)C3=CC=CC(=C3)Cl)OC(=C(C2C4=CC=C(C=C4)NC(=O)C)C#N)N,4.93
C1=CC(=C(C=C1)[N+](=O)[O-])C=NC2=CC=C(C=C2)N=CC3=C(C=CC=C3)[N+](=O)[O-],2.95
C1=CC=C(C=C1)C(=O)C2C(C(C3N2C4=CC=CC=C4C=C3)(C#N)C#N)C5=CC=C(S5)Br,5.05
CN(CCO)S(=O)(=O)C1=CC=C2C3=CC=C(C=C3OC(=O)C2=C1)S(=O)(=O)N(C)CCO,3.2
CCOCC1=C(C=C(C(=C1C)C2C=3C(=NNC3OC(=C2C#N)N)C)C)C,4.09
CC1=CC=CC=C1OC2C(N(C2=O)CC3=CC=C4C(=C3)OCO4)C5=CC=C6C(=C5)OCO6,4.37
CC1=CC=C(C=C1Cl)NC(=O)CSC2=C(C(C(=C(N2)C)C(=O)NC3=CC=CC=C3OC)C4=CC=CO4)C#N,6.27
C=1C=C(SC1)S(=O)(=O)N=CC2=CC=C(C=C2)Br,2.14
CC1=CC=C(C=C1)SCC(=O)NCC2=CC=CC(=C2)CNC(=O)CSC3=CC=C(C=C3)C,5.08
C1=CC=C2C(=C1)C(=O)N(S2(=O)=O)CC(=O)NC3=CC=C(C=C3)S(=O)(=O)N4CCCCCC4,4.73
CC1=CC=C(C=C1)C=2N=C3N(N2)C(=O)CC(S3)C4=CC=CC(=C4)[N+](=O)[O-],4.49
CC(C)C1=CC=C(C=C1)CNC(=O)C(=O)NCCCOC(C)C,4.57
COC1=CC(=CC(=C1OC)OC)C(=O)NC2=CC=CC(=C2)C#N,3.44
O=C1C(SC=2N1CN(CN2)C3=CC=C(OCC)C=C3)=CC4=C([N+]([O-])=O)C=C(OC)C(OC)=C4,4.93
CC1=CC=CC=C1NC(C2=CC=CC=C2F)P(=O)(OC(C)C)OC(C)C,5.63
CCN1C(=NN=C1SCC(=O)NC2=CC=C(C=C2)C(=O)OC)C3=CC=CC=C3,4.24
CC1(CC2=C(C(C(=C(N2C3=CC=C(C=C3)Cl)N)C#N)C4=CC=C(C(=C4)OC)OC)C(=O)C1)C,4.34
C1=CC=C(C=C1)CSCC(=O)NC2=CC=C(C=C2)C3=CC=C(C=C3)[N+](=O)[O-],5.38
CCOC1=CC=C(C=C1C2C3=C(CC(CC3=O)(C)C)NC=4N2N=CN4)Br,3.85
CCOC(=O)CSC1=NN=NN1C=2C=CC=C3C2C=CC=C3,3.8
CC12CCC(C1(C)C)C(=O)N(C2=O)CC#C,2.28
C1=CC=C(C=C1)N2C(=NN=N2)OCCOC3=NN=NN3C4=CC=CC=C4,3.72
CS(=O)(=O)N(CC(=O)N1CCC2=CC=CC=C2C1)C3=CC=C(C=C3)OCC4=CC=CC=C4,4.91
CCCOC1=CC=C(C=C1)N2C(=O)CC(C2=O)N3CCNC3=S,2.68
CS(=O)(=O)N(CC(=O)NC1=C(C=CC=C1F)F)C2=CC(=C(C=C2Cl)Cl)Cl,4.34
CC(C)N(CC1=NC(=NO1)C2=CC=CC=C2)C(=O)C3=CC=CC=C3CCC4=CC=CC=C4,5.98
C1=CC=C(C(=C1)CN(C(=O)C2=CC=CC(=C2)[N+](=O)[O-])N3C(=O)C4=CC=CC=C4C3=O)F,4.47
C1=CC(=CC=C1C(=O)N(CC2=CC=C(C(=C2)Cl)Cl)N3C(=O)C4CCCCC4C3=O)Cl,5.51
CC(C(=O)NC1CCCC1)N(C2=CC=C(C=C2)Cl)S(=O)(=O)C,3.48
CC(=O)C1=CC=C(C=C1NC(=O)C2=CC=CC=C2)C(C)(C)C,5.13
CC1=CC=C(C=C1)C(O)P(=O)(OCC(C)C)OCC(C)C,4.44
CCCCOC(=O)C1=C(NC2=C(C1C3=CC=CC=C3OC)C(=O)CCC2)C,4.21
CC=1C=CC2=C(C1)C3=C(N2)N=C(N=N3)NN=CC=CC4=CC=CO4,2.18
C1COCCN1P(=O)(OCC(F)(F)F)OCC(F)(F)F,2.69
C1=CC(=C(C=C1)NC(=O)C=CC=2OC=CC2)NC(=O)C=CC=3OC=CC3,3.79
CC(=CC1=CC=CO1)C2C3=C(NN=C3OC(=C2C#N)N)C4=CC=CC=C4,4.82
CC1=CC=C(C=C1)C(=O)NC2=CC=CC(=C2)C(=O)OC,3.72
C=12N(N=CN1)C(C3=C(N2)CCCC3=O)C4=C(C=C(C(=C4)OC)OC)OC,2.19
COC1=CC=C(C=C1)C2CC(NC=3N2N=CN3)C4=CC=C(C=C4)C5=CC=CC=C5,5.42
CCCCSC1=C(C(C(=C(N1)C)C(=O)C)C2=CC=CC(=C2)[N+](=O)[O-])C#N,4.44
C1=CC=C(C=C1)OP(=O)(OC2=CC=CC=C2)OC3CS(=O)(=O)C=C3,2.48
C1=CC2=C(C=C1C(=O)C3=CC=C4C(=C3)C(=O)N(C4=O)C5=NC=CS5)C(=O)N(C2=O)C6=NC=CS6,3.25
CN1C(=CC2=C1N=C3C=CC=CN3C2=O)C(=O)N4CCC5(CC4)OCCO5,2.87
CCOC(=O)C1=C(NC2=C(C1C3=CC=CC=C3OC)C(=O)CC(C2)C4=CC=C(C(=C4)OC)OC)C,3.79
C=1C=C(SC1)C(=O)NC2=CC=C(C=C2)S(=O)(=O)C3=CC=C(C=C3)NC(=O)C4=CC=CS4,4.46
COC1=CC=C(C=C1)N2C(=O)CC3=CC=CC=C3C2=O,2.56
COC1=CC=C(C=C1)C2C3=C(CC(CC3=O)C4=CC=CO4)NC5=CC=CC=C5N2C(=O)C(F)(F)F,4.62
CCC=1C(=C(ON1)C2=C(C3=CC=CC=C3N2)C(=O)C(=O)N(C)C)C,2.68
CCCC(=O)NCC(C)NC(=O)CCC,1.43
C12(C3(OC4(CC(OC4)=O)CC3)C(CCC1C5(C(OC(OC5)(C)C)CC2)C)C)C,4.24
CC(C1=CC=CC=C1)NC(=O)C2CC2,1.85
CCOC(=O)C1CCN(CC1)C(=O)C2=CC=C(C(=C2)N=C3NC4CS(=O)(=O)CC4S3)Cl,2.96
CC1=CC=CC(=C1C)NC(=O)CC2=CC=C(C=C2)Br,4.05
CCC(C(=O)N1CCOCC1)SC2=NC3=CC=CC=C3C4=NC(C(=O)N42)CC5=CC=CC=C5,3.95
CCC(C(=O)NC1=CC=C2C(=C1)OCO2)SC3=NC4=CC=CC=C4C5=NC(C(=O)N53)CC(C)C,4.85
C1=CC(=CC(=C1)N2C(=O)C(=CC=3C=CSC3)SC2=S)C(F)(F)F,5.8
C1=CC(=CC=C1C=NOC2=NC(=NC(=N2)N3CCOCC3)N)[N+](=O)[O-],3.18
CC1=C(C(=O)N(N1C)C2=CC=CC=C2)NC3=C(N=C4C=CC=CC4=N3)NC5=CC=CC(=C5)Cl,5.96
C1=CC=C(C=C1)C(=O)CSC2=NC3=CC(=CC=C3C(=O)N2CC4=CC=CO4)C(=O)N5CCC(CC5)C(=O)N,5.31
CC=1C=C(N=C2C1C=CC=C2)SCC(=O)NCC3=CC=C4C(=C3)OCO4,4.15
CCOC1=CC(=CC(=C1OCC)OCC)C(=O)NC2=CC=C(C(=C2)OC)OC,4.11
COC1=CC=C(C=C1COC2=C(C(=CC(=C2F)F)F)F)C=O,4.24
CCC(C)NC(=O)NC(C(F)(F)F)C(F)(F)F,2.84
CCC1=CC=CC=C1NC(=O)C23CCC(C2(C)C)(C(=O)O3)C,3.31
CC1=CC=C(C=C1[N+](=O)[O-])N2C(=O)C3C(C2=O)C4(C5=CC=CC=C5C3C6=C4C=CC=C6)C(=O)C,4.74
CC1(CC2=C(C=C(C(=O)N2C3=CC=CC=C3)C(=O)NC(CCSC)C(=O)OC)C(=O)C1)C,3.97
CC1=CC=C(C=C1C)C(=O)COC2=CC=CC(=C2)N3C(=O)C4C5CCC(C5)C4C3=O,4.71
CCOC1=CC(=CC=C1OCC#C)C2C3=C(CC(CC3=O)(C)C)OC4=C2C(=O)CC(C4)(C)C,4.93
CC(CCC1=CC=CC=C1)NC(=O)C(=O)NCC2COC3=CC=CC=C3O2,4.8
CC(C1=CC=CC=C1)NC(=O)CN(C2CCCCC2)S(=O)(=O)C3=CC=CC=C3,4.9
CCN1C(=O)C(=CC=2C=C(N(C2C)C3=CC=C4C(=C3)OCO4)C)SC1=S,2.52
COC1=CC2=C(C=C1OC)C(N(CC2)C(=O)C=CC3=CC=CC=C3)COC4=CC=C(C=C4)F,5.45
CCN(C1=CC=CC=C1)C(=O)C(=O)C2=CN(C=3C2=CC=CC3)CC(=O)N4CCOCC4,2.05
CC1=C(SC2=C1C(=O)N(C=N2)CC(=O)NC3CCCC(C3C)C)C,4.34
C1=CC=C2C(=C1)C(=C(S2)C(=O)NCC3CCCO3)Cl,3.56
CC1=CC=C(C=C1)N(CC(=O)NCC2CCCO2)S(=O)(=O)C3=CC=C(C=C3)SC,4.3
CCOC(=O)C(C)(C)N(CCC(C)C)S(=O)(=O)C1=CC=C(C=C1)[N+](=O)[O-],4.75
C1=CC=C(C=C1)N2C(=O)C3=CC=CC=C3C(=N2)C(=O)N4CCOCC4,2.47
CCCC1=CC=C(C(=C1)OC)OCC2=CC=C(O2)C(=O)NC3=CC=CC=C3C(=O)OC,5.89
C1=CC(=CC(=C1)Br)C2C(=O)N(CC(=O)N2CCC3=CCCCC3)C4CCCCC4,5.6
CC1CCN(CC1)S(=O)(=O)N2CCC(CC2)C(=O)NC(C)C3=CC=CC=C3,4.92
C1=CC=C(C=C1)CNC(=O)C(=CC2=CC=C(C=C2)Cl)NC(=O)C3=CC=CC=C3,4.41
C1=CC=C(C(=C1)C(F)(F)F)NC(=O)C2CCC2,2.55
CC(=O)N1CC(=O)N(C1C2=CC=C(C=C2Cl)Cl)OCOC,1.98
CCCCOC1=CC=C(C=C1)C(=O)N(CCN2C(=O)C3=CC=CC=C3C2=O)C4=CC=CC(=C4)OC,5.35
COC1=CC(=CC=C1OCC2=CC=CC=C2)C=NN3C=NC4=C(C3=O)C5=C(S4)CCCC5,5.68
CC12CCC3C1(CN(C2(C3)C#N)C(=O)C4=CC=CC(=C4)[N+](=O)[O-])C,3.25
CC1=CC=C(C=C1)N2C3CS(=O)(=O)CC3N(C2=O)C4=CC=CC(=C4)Cl,3.56
CC1=CC(=NC(=N1)N2C3=C(C(=N2)C)C(C4C(=O)CC(C=C4N3)(C)C)C5=CC=CO5)C,4.34
CC1CCCC(N1C(=O)COC(=O)C2=CC=C3C(=C2)S(=O)(=O)C4=CC=CC=C4C3=O)C,4.39
C1=CC=C(C=C1)CC2CCN(CC2)C(=O)COC(=O)C3CCCCC3,4.98
CN1C(=C(C(=O)N(C1=O)C)C(=O)CSC2=C(N=C3C=CC=CC3=N2)SCC(=O)C4=C(N(C(=O)N(C4=O)C)C)N)N,2.59
COC1=CC(=CC=C1OS(=O)(=O)C2=CC=C(C(=C2)F)F)C=O,3.68
COC1=CC=C(C=C1)S(=O)(=O)N(CC(=O)OC)C2=CC=CC=C2,3.43
C1=CC=C2C(=C1)CCN2S(=O)(=O)C3=CC=CC(=C3)C(=O)OCC(=O)NC4=CC=C(C(=C4F)F)F,5.31
CC1(C2=CC=CC=C2N(C1=CC(=O)COC(=O)C(C3=CC=CC=C3)C4=CC=CC=C4)C)C,6.27
C1=CC(=CC(=C1)[N+](=O)[O-])C=2N=C(ON2)CC3CCCCC3,5.17
CC1=CC=C(C=C1)S(=O)(=O)N(C)C2=CC=C(C=C2)OCC(=O)N3CCN(CC3)C4=NC=CC=N4,4.46
CC1CCCN(C1)C(=O)COC(=O)COC2=CC(=C(C=C2Cl)Cl)Cl,4.97
COC1=CC(=CC(=C1OC)OC)C(=O)COC(=O)CCCOC2=CC=C(C=C2Cl)Cl,5.59
CC(COC)NC(=O)CCl,0.61
CC1=C(C2=CC=CC=C2N1)C3=CN4CCS(=O)(=O)N=C4S3,1.56
CC1=C(C(=NO1)C2=C(C=CC=C2Cl)F)C(=O)OCC(=O)N3C(CCCC3C)C,4.38
CCC1CSC(=NC2=CC=CC(=C2)C)N1C(=O)CCN3C(=O)C4=CC=CC=C4C3=O,4.96
N#CC(=CC1=CC2=C(C=C1)OCO2)C(=O)NCC3=CC=CC(=C3)CNC(=O)C(=CC4=CC5=C(C=C4)OCO5)C#N,4.92
CCC1=CC2=C(S1)N=C(N(C2=O)CC=C)SCC(=O)N3CC4(CC3CC(C4)(C)C)C,6.04
CCOC(=O)C1=C(NC(=C1C(=O)COC(=O)C2=CC=C(C(=C2)S(=O)(=O)N3CCOCC3)F)C)C,3.63
COC1=CC(=CC=C1OC(F)F)C=CC(=O)NC2=CC=C(C=C2)N3CCCCC3,5.36
CCC1CCCCN1C(=O)CSC2=NC(=CC(=N2)C)C,3.61
CN1C(=C(C(=O)N(C1=O)C)C(=O)COC(=O)C2=CC(=CC=C2OC)S(=O)(=O)N3CCCCCC3)N,4.59
C1=CC=C2C(=C1)CN(C2=NC(=O)C(=CC3=CC=C4C(=C3)OCO4)C#N)C5=CC=CC(=C5)[N+](=O)[O-],5.4
CC1=CC=C(S1)C(=O)NCC(=O)OC(C2=CC=CC=C2)C(=O)NC3=CC=C(C(=C3)Cl)OC,4.54
CCN(CC)S(=O)(=O)C1=CC=C(C=C1)C(=O)N2CCNC(=O)C2CC(=O)OC,1.14
CC1=C(SC(=N1)N)C(=O)OC,1.48
CCOC(=O)C1=C(C(=C(N1)C)C(=O)OCC(=O)N2CCC3=C2C=CC=C3)C,4.47
CCCCNC(=S)N(C)N=CC1=CC=C(C(=C1)OC)OCC2=CC=C(C=C2)Cl,6.8
CCCN(CC1CC1)C(=S)NC2=CC(=CC=C2Cl)[N+](=O)[O-],4.1
C1=CC=C2C(=C1)C(=CC(=N2)C3=CC=CC=C3Cl)C(=O)N4C(=O)C5=CC=CC(=C5C4=O)N,4.63
CC1CC2=CC=CC=C2N1S(=O)(=O)C3=CC=CC(=C3)C(=O)OCC4=CC(=CC5=C4OCOC5)[N+](=O)[O-],6.01
CC1=CC=CC=C1N2C(=O)C3=CC=C(C=C3C2=O)C(=O)OCC(=O)C4=C(N(C(=O)N(C4=O)C)C)N,4.55
CC1=CC(=CC=C1NC(=S)NCCC2=CNC=3C2=CC=CC3)Cl,4.34
C1=CC=C(C=C1)C2=CSC=3C2=C(N=CN3)N4CCCC(C4)CO,3.9
C1=CC(=NC=C1C(=O)OCC(=O)N(C2CCCCC2)C3CCCCC3)Cl,4.99
CC(=O)N1CC2=CC=CC=C2CC1C(=O)OCC3=CC=C(C=C3)C#N,2.41
COC1=CC=2C=3C=CC=CC3OC2C=C1NC(=O)COC(=O)C4=CC(=C(C=C4[N+](=O)[O-])OC)OC,5.04
CC1=CC=C(C(=C1)S(=O)(=O)N(C)C2=CC=C(C=C2)OC(=O)C3=CC=C4C(=C3)OCO4)C,5.87
C1=CC(=CC=C1C=CC(=O)C(=C2SCS2)C(=O)N)Cl,3.64
CC1=CC=C(C(=C1)N2C(=NN=N2)SCC(=O)NC3=CC(=CC(=C3)C(=O)N)C(=O)N)OC,4.15
CC(C)NC(N1CCN(CC1)S(=O)(C2=CC=CC(C(F)(F)F)=C2)=O)=S,3.9
C1=CC=C2C(=C1)C(=O)N(C2=O)CCOC(=O)C3CC(CN3S(=O)(=O)C4=CC=C(C=C4)Cl)O,3.65
COC(=O)C(=O)C1=C(NC(=O)NC1C2=CC=C(C=C2)Cl)C3=CC=C(C=C3)Cl,3.56
N1(N=NN=C1)CC(=O)N(CC2=CC=CS2)CC3=CC=CO3,4.33
CN(C1=CC=CC=C1)S(=O)(=O)C2=CC=C(C=C2)C(=O)N3CCN(CC3)C4=CC=CC=C4Cl,5.31
CCOC(=O)C1=C(C(=C(N1)C)C(=O)OCC(=O)N(C)C2CCS(=O)(=O)C2)C,3.35
CC(=O)C1=CC=C(C=C1)C2=CC=C(O2)C3C(C(=C)NC(=S)N3)C(=O)OC(C)(C)C,4.53
CN1C(=C(C(=O)N(C1=O)C)C(=O)CSC2=NN=C(N2C3=CC=CC(=C3)C(F)(F)F)C4=CC=C(C=C4)OC)N,4.89
CC(=O)NCCC1=CC=C(C=C1)S(=O)(=O)N2CCOCC2,2
CCN(C1CCS(=O)(=O)C1)C(=O)COC(=O)C(=CC2=CC=C(C=C2)Cl)C3=CC=C(C=C3)F,4.95
CC1=CC=C(C(=C1)C)NC(=O)COC(=O)C(=CC2=CC=CS2)C3=CC=CS3,3.83
CN(C)S(=O)(=O)C1=CC=CC(=C1)CN2C3=CC(=CC=C3N(C(=O)C2=O)CC4=CC=CC=C4)Cl,3.37
COC(=O)CCNC1=C2C3=C(SC2=NC(=N1)C4=CC=CN=C4)CCCC3,4.69
CCCN1C(=NN=C1SCC2=CC(=O)N3C=C(C=CC3=N2)Br)C4=CC=CC(=C4)C,4.43
CC(C(=O)OCC(=O)C=C1C(C2=CC=CC=C2N1C)(C)C)NC3=NS(=O)(=O)C4=C3C=CC=C4,4.21
CCOC1=CC(=CC(=C1OCC(=O)N)Br)C=NN2C=NC3=C(C2=O)C(=C(S3)C)C,4.98
CN1C(=C(C(=O)N(C1=O)C)C(=O)COC(=O)C2CC2)N,2.17
C1=CC=C2C(=C1)C=C3C=CC=CC3=C2C(=O)OCC(=O)N4CCCC4,4.09
C1=CC(=CC(=C1)NC=CC(=O)C2=CC=C(C=C2)Br)C(F)(F)F,5.65
C1(=C(NC(=C(C1C=2OC=CC2)C(=O)OC)C)C)C(=O)OCC,3.67
C1=CC(=CC=C1C=CC(=O)OCC(=O)NC2=CC(=CC=C2N3CCOCC3)C(F)(F)F)F,5.08
N1(C2=C(N(C)N(C2=O)C3=CC=CC=C3)C)C(=C(C(=O)COC(=O)C4=C(C5=C(C=CC=C5)O4)COC(C)C)C=C1C)C,5.39
C1=CC=C2C(=C1)OCC(O2)C(=O)NC3=CC=C4C(=C3)OCO4,3.28
COC1=CC=C(C=C1)C2=NN=C(N2N)SCC3=CC(=O)OC4=C3C5=CC=CC=C5C=C4,4.24
CN1C(=C(C(=O)N(C1=O)C)C(=O)CSC2=NC3=C(C4=C(S3)CCC4)C(=O)N2CC5=CC=CC=C5)N,5.21
CS(=O)(=O)N(CC(=O)NC1=CC=CC=C1C(=O)NCC2=CC=CO2)C3=CC=C(C=C3)Cl,4.32
CCOC(C=C1N(CC(N(C)C)=O)C(=O)C(S1)=CC2=C(F)C=CC=C2F)=O,3.17
CC12CCC(C1(C)C)(C3=C2N=C4C=CC=CC4=N3)C(=O)NC5=CC=CC=C5C(F)(F)F,6.01
CC1=CC(=C(N1CC2=CC=C3C(=C2)OCO3)C)C(=O)CN4C(=O)C5CC=CCC5C4=O,4.38
CC1=CC(=C(N1C=2C=C(ON2)C)C)C(=O)COC(=O)C=CC3=CC=CC(=C3)OC,5.2
CC1=CC=CC(=C1)N2C(=NN=C2SC(C)C(=O)N)C3=CC=CC(=C3)S(=O)(=O)N(C)C,3.81
COC1=CC(=CC(=C1OC)OC)C=CC(=O)NC2CCCC3=C2C=CC=C3,4.27
CC1CN(C(=NC2=CC=C(C=C2)Cl)S1)C(=O)C3=CSC4=C3CCCC4,5.53
S(=O)(=O)(N1CCCCC1)C2=CC=CC(=C2)C(=O)N3CC4=CC(=C(C=C4CC3)OC)OC,4.2
COC1=CC=C(C=C1)N(CC(=O)NC2CCS(=O)(=O)C2)S(=O)(=O)C3=CC=C(C(=C3)Cl)Cl,3.32
CC1=NC(=C(C(C1C(=O)OC)C2=CC=CC(=C2)Cl)C(=O)OC)C,4.22
CC(C)C(C(=O)NC(=O)N)SC1=NN=C(N1C)C(F)(F)F,2.12
CC(C)N(CC1=NN=C(O1)C2=CC=C(C=C2)Cl)C(=O)C3COC4=CC=CC=C4O3,4.09
COC1=CC=C(C=C1)C(=O)CSC2=NN=C(O2)C3=CC=CC=C3,4.15
CC=1C=C(N2C(N1)=NC(=N2)SCC(=O)NCCNC(=O)CSC=3N=C4N=C(C=C(N4N3)C)C)C,0.82
CN1C(=O)C(=C(N(C1=O)CC2=CC=CC=C2)N)C(=O)CN3CCSC4=C3C=CC=C4,4.71
COC1=C([N+]([O-])=O)C=C(C(OCC(NC2CCCCCCC2)=O)=O)C=C1,4.28
C=1C2=C(C=C3C1C(=CO3)CC(=O)OC4CCCCC4=O)CCC2,4.43
C1=CC=C2C(=C1)C(=NS2(=O)=O)NCCCC(=O)OCC3=CC(=CC4=C3OCOC4)[N+](=O)[O-],3.52
CCN(CC)S(=O)(=O)C1=CC=C2C(=C1)N(N=N2)OCC(=O)NC(C3=CC=CC=C3)C4=CC=CC=C4,4.49
CC(=CC(=O)OCC(=O)NC1=CC=C(C=C1)S(=O)(=O)N(C)C)C,2.26
CC1=C(C=CC=C1N2C=NN=N2)NC(=O)CC(C3=CC=CC=C3)C4=CC=CC=C4,3.2
CC1=C(C(=O)N(N1C)C2=CC=CC=C2)NC(=O)COC(=O)C3=CC=CN=C3SC,3.63
CC1=CC=C(C=C1NC(=O)C2=CC=CO2)C(=O)N3C(=O)C4=CC=CC(=C4C3=O)N,3.55
CC(C)NC(=O)COC(=O)C1=CC=C(C=C1)S(=O)(=O)N2CCCCCC2,3.78
CC(=O)N(C1=CC=CC=C1)C2=NC(=CS2)C=CC(=O)NC3=CC=C4C(=C3)OCO4,4.37
CC(=O)NC1=CC=CC(=C1)C(=O)OCC(=O)C2=C(N(C(=O)N(C2=O)C)C)N,3.57
COC1=CC=CC(=C1)C(=O)N2CCCC(C2)C3=CC=CC=C3,4.04
O=C(CSC=1N(CC2=CC=CC=C2)C(C=3OC=CC3)=NN1)N4C(C)CCCC4C,4.49
CC=1C=C(N2C(N1)=NC(=N2)SC(C)C(=O)NCC(=O)NC3=CC=C(C(=C3F)F)F)C,2.18
C=1C=C(OC1)C(=O)N2CCN(CC2)C(=O)CN3C=C(C=C(C3=O)Cl)C(F)(F)F,2.27
COC1=CC=CC(=C1)NC(=O)C(C2=CC=CC=C2)OC(=O)C3=COCCO3,3.81
CCOC(=O)C1=CC=C(C=C1)CNC(=O)CSC2=NC3=C(C(=C(S3)C)C)C(=O)N2CC=C,4.83
C1=CC=C2C(=C1)C(=O)N(C(=N2)SCC(=O)NC3CCCCC3)C4=CC=C(C=C4)Cl,4.92
CC1=CC=CC(=C1NC(=O)CNC(=O)C2CCN(CC2)S(=O)(=O)C3=CC=CC(=C3Cl)Cl)C,3.41
CC=1C(=C(NC1C(=O)COC(=O)C2=CC=CC=C2NC(=O)C3=CC=CO3)C)C(=O)C,4.73
CC(C(=O)NCC(=O)NC1=CC=C(C(=C1F)F)F)SC2=NN=NN2C3=CC=C(C=C3)Cl,4.52
CC1=CC=C(O1)C=CC(=O)N2CCN(CC2)C3=CC=C(C=C3)C(=O)C,4.3
COC1=CC=C(C=C1)C(=O)C=CC=C(Cl)Cl,4.4
CCC(CC)NC(=O)C1=CC=C(C(=C1)S(=O)(=O)N2CCCC2)Cl,3.6
CN1C(=NN=C1SCC(=O)NC2CCCCCC2)C3=CC=C(C=C3)Cl,4.21
O=C(NCC1=CC=2OCOC2C=C1)C(C)SC3=NC4=C(C(N3C5=CC=C(F)C=C5)=O)C=CC=C4,4.63
CCOC(=O)C1=C(NC(=O)CC1C2=CC(=C(C=C2Br)OC)OC)C,3.93
CC1=CC=C(C=C1NC(=O)CC2=COC=3C2=CC4=C(C3)CCC4)C(=O)OC,4.78
CCN(CC)S(=O)(=O)C1=CC=C(C=C1)C=CC(=O)NC2CCCCC2,4.34
C1=CC=C(C=C1)NC(=O)COC(=O)C2=CC=CC=C2F,3.18
CCCCNC1=CC=CC=C1C(=O)OCC(=O)NC2CCS(=O)(=O)C2,4.09
CC1=CC(=C(N1CCOC)C)C(=O)CSC2=NN=C3N2C4=CC=CC=C4N3,3.45
C1=CC=C(C(=C1)C(=O)OCC#N)SCC(=O)N2CCCC2,2.57
COC(=O)C1=CC=C(C(=C1)S(=O)(=O)N2CCCCC2)Br,3.66
CCOC1=CC=C(C=C1OCC)NC(=O)CN(C)C(=O)C2=CC=C(O2)C,2.09
CC1=CC=C(C=C1F)NC(=O)CSC2=NN=C(N2CC=C)C3=CC=CS3,4.48
C1=CC=C(C=C1)C2=CC=CC=C2NC(=O)CSC3=NN=C(N3N)C4=CC=C(C=C4)OC(F)F,4.85
CC(C1=CC=CC=C1)NC(=O)CSC2=C3C=NN(C3=NC=N2)C4=CC=CC=C4,4.73
CCOC(=O)N1CCN(CC1)C(=O)C=CC2=CC=C(C(=C2)Cl)Cl,4.34
CC1CC(CN(C1)C(=O)CSC2=NN=C(N2C)C3=CC=CC=C3)C,3.68
COC1=CC=CC(=C1)N2C(=O)C3=CC=CC=C3N=C2SCC4=CC(=O)N5C=CSC5=N4,3.56
CCC1=CC=CC=C1NC2=NC(=NC(=N2)N)CSC3=NN=C(N3N)C4=CC=C(C=C4)OC(F)F,4.35
COC1=CC=C(C=C1S(=O)(=O)N2CCOCC2)C(=O)NC3=CC=CC(=C3)F,3.64
CCCCN1C(=O)C2=CC=C(C=C2C1=O)C(=O)OCC(=O)NC(C)C(C)C,3.62
CCCCOC1=CC=C(C=C1OC)C(=O)OC2=CC=C3C(=C2)OCO3,4.77
CC1=CC=C(C=C1)CNC(=O)C2CCN(CC2)S(=O)(=O)C3=CC=C4C(=C3)OCCCO4,4.01
CCN(C1=CC=CC=C1)C(=O)C(C)OC(=O)C2=CC(=C(C(=C2)OC)OC)OC,3.4
N1(C(=NN=C1C2=CC=C(C=C2)F)SC(C(=O)N)C)C3=CC=CC=C3,3.38
C1=CC=C2C=C(C=CC2=C1)OCC(=O)N3CCN(CC3)S(=O)(=O)C4=CC=C5C(=C4)OCCO5,4.47
CC1=CC=C(C=C1[N+](=O)[O-])C(=O)NCCC2=CC=C3C(=C2)OCCO3,3.28
CC(C(=O)NC1=CC=C(C=C1)OC(F)(F)F)OC2=CC=CC=C2,4.77
CCOC1=CC=C(C=C1)N2C(=O)C=3C4=C(SC3N=C2SCC(=O)NC5CC5)CCC4,4.64
COCCCNC(=O)C1=CC=CC=C1C(F)(F)F,2
C1=CC=C2C(=C1)C(=O)N(C(=N2)SCC#N)C3=CC=C(C=C3)OC(F)F,4.17
CC=1C(=C(ON1)C)C(=O)OC(C)C(=O)NC2=CC=C3C(=C2)OCCO3,2.78
CC(=O)C1=CC=C(C(=C1)COC(=O)C2=CC(=CC=C2Cl)Cl)OC,4.45
CC1=CC(=C(C(=C1)C)NC(=O)CSC2=NN=C(N2N)C3=CC=C(C=C3)OC(F)F)C,4.41
COC(=O)C1=CC=CC(=C1)NC(=O)CCN2C(=O)C3=CC=CC=C3C2=O,3.39
CC1CCCCC1NC(=O)COC=2C3=CC=CC=C3N=CN2,3.11
CC1CCCCC1NC(=O)COC(=O)C2=COCCO2,2.48
CN(CC1=CC=CC=C1)S(=O)(=O)C2=CC=C(C=C2)NC(=O)CC3=CC=C(C=C3)F,5.14
CN(C1=CC=C(C=C1)OC(=O)C2=CC=CC=C2)C3=NS(=O)(=O)C4=C3C=CC=C4,4.26
CC=1C(=C(NC1C(=O)COC(=O)C2=CC(=CC(=C2)[N+](=O)[O-])C(=O)OC)C)C(=O)C,3.82
CC(C)N(C(C)C)C(=O)CSC1=NN=C(S1)NCC2=CC=CC=C2,4.09
C1=CC=C(C=C1)C=C2C(=O)NC3=CC(=CC=C3S2)C(=O)NC4CC4,4.32
COC1=CC=C(C=C1Cl)S(=O)(=O)N(CC(=O)NC2=CC=CC(=C2)[N+](=O)[O-])C3CCCCC3,5.48
C1=CC=C(C=C1)CCN2C(=NN=C2SCC(=O)N3CCOCC3)C4=CC=CC=C4F,3.79
CCOC(=O)C1=CC=C(C=C1)NCC=2C(=C(NC2C)C(=O)OCC)C,5.09
C1=NC(=C2C3=C(SC2=N1)CCCC3)NC4CCCC4,4.17
CCCC(C)NC(=O)COC1=C2C3=C(SC2=NC=N1)CC(CC3)C,4.55
C1=CC(=CC=C1NC(=O)CSC2=C3C4=C(SC3=NC=N2)CCC4)F,4.69
CC1=CC(=CC=C1NC(=O)CSC2=NN=C(S2)N)Br,2.69
CC1=CC(=C(N1C2=CC=C(C=C2)C(=O)OC)C)C(=O)COC3=CC=CC(=C3)N4C=NN=N4,4.77
CC1=CC=C(C=C1)OCCC(=O)N2CCN(CC2)S(=O)(=O)C3=CC=CS3,2.98
CN(C(C1=CC=C(C=C1)OC)C(=O)NC2=CC=C3C(=C2)OCCO3)C(=O)CC4=CNC=5C4=CC=CC5,3.76
CN(C)S(=O)(=O)C1=CC=CC(=C1)C(=O)NCCC2=CC=C(C=C2Cl)Cl,4.48
CC1=CC2=CC=CC=C2C(=O)N1CC(=O)NCC(=O)N3CCN(CC3)C4=CC=CC(=C4)Cl,4.45
C1=CC(=CC(=C1)S(=O)(=O)N2CCCC2)C(=O)OCC3=C(C=CC=C3Cl)F,4.22
CN1C2=C(C(=O)N(C1=O)C)N(C(=N2)N3CCCCCC3)CC(=O)C4=CC=C(C=C4)OC,4.42
COC1=CC(=CC=C1OC(=O)C=CC2=CC=CC(=C2)F)C#N,4.46
CN1C(C(C2=CC(=C(C=C2C1=O)OC)OC)C(=O)NC3=CC=C(C=C3F)F)C4=CC=C(C(=C4)OC)OC,3.66
COC1=CC=C(C=C1OC)NC(=O)C2=C(C=3C(=C(SC3S2)C(=O)NC4=CC=C(C(=C4)OC)OC)N)N,4.88
CC1=C(C(C2=C(N1)CC(CC2=O)C3=CC=CS3)C4=CC=C(C(=C4)OC)OC)C(=O)OCCOC(C)C,4.45
CC=1C=C2C(=O)C(C3C4=C(NC(C)=C3C(OCCOC)=O)CC(C5=CC(OC)=CC=C5)CC4=O)=COC2=CC1,5.23
CCSCCOC(=O)C1=C(NC2=C(C1C3=CC=C(C=C3)C(=O)OC)C(=O)CC(C2)C4=CC=CS4)C,5.24
CCC1=C(C(=NC2=C1C(=O)CC(C2)(C)C)SCC(=O)N3CCC4=CC(=C(C=C4C3)OC)OC)C#N,4.89
CN(C)S(=O)(=O)C1=CC=C(C=C1)C(=O)OC2CCCCC2,4.27
CC(=O)NC1=CC=C(C=C1)N=CC=2C(=O)C3=CC=CC=C3OC2[O-],3.64
COC1=CC=C(C=C1)C2C(C3=CC=CC=C3C(=O)N2CC4=CC=C(C=C4)F)C(=O)N5CCCCCC5,5.01
CC1=CC=CC(=C1)NC(=O)CC2C(=O)N(C(=NC3=C(C=CC=C3C)C)S2)C,4.75
CCOC1=CC=CC=C1OCC(=O)NC2=CC=C3C=CC=CC3=C2,4.73
CCOC1=CC=C(C=C1)NC(=O)CSC2=NC=3C=CSC3C(=O)N2C4=CC=CC=C4,4.33
OCC#CC(C1=CC=C(F)C=C1)(O)C2=CC=C(F)C=C2,3.61
CCN=C1N(C(=O)C(=CC2=CN(C=3C2=CC=CC3)CC(=O)NC4=CC=CC(=C4)C)S1)CC,5.8
C1=CC=C2C(=C1)N=C(N2CC(CO)O)SCCSC3=NC4=CC=CC=C4N3CC(CO)O,3.29
CCOC(=O)C1=CC=C(C=C1)C#N,1.87
C=CCN1C(=O)C=2C(N=C1SCC3=CC=CC=C3)=CC=CC2,5.11
